reporting_agency,real_property_unique_identifier,state_name,county_name,city_name,zip_code,latitude,longitude,real_property_type,asset_status,disposition_date,legal_interest_indicator,utilization,acres,historical_status,Parcel_ID
AGRICULTURE,L03.50509,IDAHO,CLARK,DUBOIS,83423.0,,,Land,Disposed,9/6/2023,Leased,,0,,DUBOIS-CLARK-IDAHO-AGRICULTURE
AGRICULTURE,L03.50916,LOUISIANA,TERREBONNE,SCHRIEVER,70361.0,29.6436,-90.8587,Land,Disposed,9/13/2023,Leased,,52,,SCHRIEVER-TERREBONNE-LOUISIANA-AGRICULTURE
AGRICULTURE,L03.54487,MISSISSIPPI,PEARL RIVER,POPLARVILLE,39470.0,30.6588,-89.6358,Land,Disposed,4/6/2023,Leased,,31,,POPLARVILLE-PEARL RIVER-MISSISSIPPI-AGRICULTURE
AGRICULTURE,L10098010322,ALASKA,ANCHORAGE,GIRDWOOD,99587.0,60.945235,-149.16927,Land,Disposed,9/22/2023,Leased,,5,,GIRDWOOD-ANCHORAGE-ALASKA-AGRICULTURE
AGRICULTURE,L10102010322,ALASKA,PRINCE OF WALES-HYDER CA,COFFMAN COVE,99950.0,55.779431,-132.817995,Land,Disposed,4/30/2023,Leased,,16,,COFFMAN COVE-PRINCE OF WALES-HYDER CA-ALASKA-AGRICULTURE
AGRICULTURE,L10226010295,CALIFORNIA,TULARE,JOHNSONDALE,93238.0,35.971775,-118.541356,Land,Disposed,4/11/2023,Leased,,0,,JOHNSONDALE-TULARE-CALIFORNIA-AGRICULTURE
AGRICULTURE,L11307010323,ALASKA,PRINCE OF WALES-HYDER CA,CRAIG,99921.0,55.205667,-132.82143,Land,Disposed,10/1/2022,Owned,,184,Not Evaluated,CRAIG-PRINCE OF WALES-HYDER CA-ALASKA-AGRICULTURE
AGRICULTURE,L1157403010602,IDAHO,BENEWAH,SANTA,83861.0,47.324542,-116.393217,Land,Disposed,10/1/2022,Leased,,320,,SANTA-BENEWAH-IDAHO-AGRICULTURE
AGRICULTURE,L1250920010602,COLORADO,RIO BLANCO,MEEKER,81641.0,40.036827,-107.905058,Land,Disposed,10/1/2022,Leased,,3,,MEEKER-RIO BLANCO-COLORADO-AGRICULTURE
AGRICULTURE,L1282054320,OREGON,GRANT,JOHN DAY,97845.0,44.404181,-118.961691,Land,Disposed,10/1/2022,Leased,,1,,JOHN DAY-GRANT-OREGON-AGRICULTURE
AGRICULTURE,L14907.007601,MINNESOTA,COOK,GRAND MARAIS,55604.0,47.8291,-90.4661,Land,Disposed,10/1/2022,Owned,,180,Not Evaluated,GRAND MARAIS-COOK-MINNESOTA-AGRICULTURE
AGRICULTURE,L21302.008121,ALASKA,CHUGACH CA,WHITTIER,99686.0,60.77507,-148.680862,Land,Disposed,10/1/2022,Owned,,232,Not Evaluated,WHITTIER-CHUGACH CA-ALASKA-AGRICULTURE
AGRICULTURE,L21311.008121,ALASKA,CHUGACH CA,CORDOVA,99574.0,60.541166,-145.742227,Land,Disposed,10/1/2022,Owned,,946,Not Evaluated,CORDOVA-CHUGACH CA-ALASKA-AGRICULTURE
AGRICULTURE,L21350.001021,NEBRASKA,SIOUX,HARRISON,69346.0,42.661657,-103.485404,Land,Disposed,7/3/2023,Leased,,39,,HARRISON-SIOUX-NEBRASKA-AGRICULTURE
AGRICULTURE,L21356.001021,COLORADO,OURAY,OURAY,81432.0,38.014184,-107.654671,Land,Disposed,10/1/2022,Leased,,2,,OURAY-OURAY-COLORADO-AGRICULTURE
AGRICULTURE,L2248054320,NORTH CAROLINA,WAKE,RALEIGH,27695.0,35.8106,-78.7076,Land,Disposed,6/2/2023,Leased,,1,,RALEIGH-WAKE-NORTH CAROLINA-AGRICULTURE
AGRICULTURE,L315010634,IDAHO,LATAH,MOSCOW,83843.0,46.723928,-117.001777,Land,Disposed,10/1/2022,Leased,,3,,MOSCOW-LATAH-IDAHO-AGRICULTURE
AGRICULTURE,L316010634,UTAH,UTAH,PROVO,84606.0,40.243334,-111.650349,Land,Disposed,10/1/2022,Leased,,1,,PROVO-UTAH-UTAH-AGRICULTURE
AGRICULTURE,L3875054320,PENNSYLVANIA,NORTHUMBERLAND,KNEASS,17830.0,40.7286111,-76.5852777,Land,Disposed,8/15/2023,Leased,,0,,KNEASS-NORTHUMBERLAND-PENNSYLVANIA-AGRICULTURE
AGRICULTURE,L4059054320,FLORIDA,BRADFORD,THERESSA,32091.0,29.843454,-82.050505,Land,Disposed,4/25/2023,Leased,,1,,THERESSA-BRADFORD-FLORIDA-AGRICULTURE
AGRICULTURE,L5265.008031,ALASKA,WRANGELL CITY AND BOROUGH,WRANGELL,99929.0,56.471849,-132.376357,Land,Disposed,10/1/2022,Owned,,"1,235",Not Evaluated,WRANGELL-WRANGELL CITY AND BOROUGH-ALASKA-AGRICULTURE
AGRICULTURE,L5355.008601,ARIZONA,COCONINO,FLAGSTAFF,86001.0,35.177434,-111.656088,Land,Disposed,10/1/2022,Owned,,96,Not Evaluated,FLAGSTAFF-COCONINO-ARIZONA-AGRICULTURE
AGRICULTURE,L5357.008601,NEBRASKA,LANCASTER,LINCOLN,68583.0,40.83107,-96.667447,Land,Disposed,10/1/2022,Leased,,2,,LINCOLN-LANCASTER-NEBRASKA-AGRICULTURE
AGRICULTURE,L5361.008601,SOUTH DAKOTA,PENNINGTON,RAPID CITY,57701.0,44.075402,-103.208338,Land,Disposed,10/1/2022,Leased,,1,,RAPID CITY-PENNINGTON-SOUTH DAKOTA-AGRICULTURE
AGRICULTURE,L5363.008601,ARIZONA,COCONINO,FLAGSTAFF,86001.0,35.175473,-111.656361,Land,Disposed,10/1/2022,Leased,,1,,FLAGSTAFF-COCONINO-ARIZONA-AGRICULTURE
AGRICULTURE,L5400.007271,MISSOURI,PHELPS,ROLLA,65550.0,37.946339,-91.78748,Land,Disposed,10/1/2022,Owned,,5,Not Evaluated,ROLLA-PHELPS-MISSOURI-AGRICULTURE
AGRICULTURE,L6145263010602,MISSOURI,PHELPS,ROLLA,65580.0,37.936369,-91.810623,Land,Disposed,8/30/2023,Leased,,0,,ROLLA-PHELPS-MISSOURI-AGRICULTURE
AGRICULTURE,L6876436010602,VERMONT,ADDISON,MIDDLEBURY,5753.0,43.9950822,-73.142815,Land,Disposed,9/6/2023,Owned,,4,Not Evaluated,MIDDLEBURY-ADDISON-VERMONT-AGRICULTURE
COMMERCE,14001451,MASSACHUSETTS,NORFOLK,MILTON,2186.0,42.211944,-71.114167,Land,Disposed,4/30/2023,Leased,,0,,MILTON-NORFOLK-MASSACHUSETTS-COMMERCE
ENERGY,125039,INDIANA,ST JOSEPH,NOTRE DAME,465560768.0,,,Land,Disposed,10/31/2022,Leased,,1,,NOTRE DAME-ST JOSEPH-INDIANA-ENERGY
ENERGY,201986,NEW YORK,ALBANY,COLONIE,12205.0,,,Land,Disposed,12/21/2022,Owned,,2,Not Evaluated,COLONIE-ALBANY-NEW YORK-ENERGY
ENERGY,208491,NEW YORK,ALBANY,COLONIE,12205.0,,,Land,Disposed,12/21/2022,Owned,,9,Not Evaluated,COLONIE-ALBANY-NEW YORK-ENERGY
ENERGY,220094,OHIO,PIKE,PIKETON,45661.0,,,Land,Disposed,1/12/2023,Owned,,226,"Evaluated, Not Historic",PIKETON-PIKE-OHIO-ENERGY
ENERGY,221126,COLORADO,JEFFERSON,GOLDEN,80401.0,,,Land,Disposed,11/10/2022,Owned,,1,Not Evaluated,GOLDEN-JEFFERSON-COLORADO-ENERGY
ENERGY,221175,COLORADO,JEFFERSON,GOLDEN,80401.0,,,Land,Disposed,11/10/2022,Owned,,6,"Evaluated, Not Historic",GOLDEN-JEFFERSON-COLORADO-ENERGY
ENERGY,221177,COLORADO,JEFFERSON,GOLDEN,80401.0,,,Land,Disposed,11/10/2022,Owned,,158,"Evaluated, Not Historic",GOLDEN-JEFFERSON-COLORADO-ENERGY
ENERGY,222327,COLORADO,JEFFERSON,GOLDEN,80401.0,,,Land,Disposed,1/10/2023,Owned,,9,Not Evaluated,GOLDEN-JEFFERSON-COLORADO-ENERGY
HOMELAND SECURITY,MN12044L,MINNESOTA,ROSEAU,WARROAD,56763.0,48.900603,-95.393637,Land,Disposed,7/6/2023,Owned,,0,Not Evaluated,WARROAD-ROSEAU-MINNESOTA-HOMELAND SECURITY
HOMELAND SECURITY,TX8575,TEXAS,HUDSPETH,SIERRA BLANCA,79851.0,31.17472,-105.50028,Land,Disposed,3/8/2023,Leased,,0,,SIERRA BLANCA-HUDSPETH-TEXAS-HOMELAND SECURITY
INTERIOR,02272690000600,IDAHO,KOOTENAI,COEUR D'ALENE,83814.0,47.755754,-116.700808,Land,Disposed,8/30/2023,Owned,,3,Not Evaluated,COEUR D'ALENE-KOOTENAI-IDAHO-INTERIOR
INTERIOR,02272690000700,IDAHO,KOOTENAI,COEUR D'ALENE,83814.0,47.769926,-116.759467,Land,Disposed,8/30/2023,Owned,,0,Not Evaluated,COEUR D'ALENE-KOOTENAI-IDAHO-INTERIOR
INTERIOR,02272690001000,IDAHO,KOOTENAI,COEUR D'ALENE,83814.0,47.76902,-116.763546,Land,Disposed,8/30/2023,Owned,,0,Not Evaluated,COEUR D'ALENE-KOOTENAI-IDAHO-INTERIOR
INTERIOR,02272773002100,IDAHO,KOOTENAI,COEUR D'ALENE,83814.0,47.75857,-116.812852,Land,Disposed,8/30/2023,Owned,,20,Not Evaluated,COEUR D'ALENE-KOOTENAI-IDAHO-INTERIOR
INTERIOR,L19PL00017,ALASKA,NORTHWEST ARCTIC,KOTZEBUE,99752.0,66.894151,-162.585446,Land,Disposed,10/1/2022,Leased,,0,,KOTZEBUE-NORTHWEST ARCTIC-ALASKA-INTERIOR
LABOR,0080108059,UTAH,DAVIS,CLEARFIELD,840160070.0,41.091821,-112.026547,Land,Disposed,8/31/2023,Leased,,1,,CLEARFIELD-DAVIS-UTAH-LABOR
TRANSPORTATION,10047,TENNESSEE,HOUSTON,STEWART,37175.0,36.2951,-87.8264,Land,Disposed,7/18/2023,Leased,,3,,STEWART-HOUSTON-TENNESSEE-TRANSPORTATION
TRANSPORTATION,10357,TENNESSEE,CUMBERLAND,CROSSVILLE,38572.0,35.781,-84.9785,Land,Disposed,10/20/2022,Leased,,8,,CROSSVILLE-CUMBERLAND-TENNESSEE-TRANSPORTATION
TRANSPORTATION,10358,TENNESSEE,CUMBERLAND,CROSSVILLE,38572.0,35.781,-84.9785,Land,Disposed,10/25/2022,Leased,,2,,CROSSVILLE-CUMBERLAND-TENNESSEE-TRANSPORTATION
TRANSPORTATION,1070,CONNECTICUT,HARTFORD,WINDSOR LOCKS,6096.0,41.9386,-72.6825,Land,Disposed,5/10/2023,Leased,,325,,WINDSOR LOCKS-HARTFORD-CONNECTICUT-TRANSPORTATION
TRANSPORTATION,10738,SOUTH CAROLINA,ALLENDALE,ALLENDALE,29170.0,33.0125,-81.2922,Land,Disposed,10/20/2022,Leased,,24,,ALLENDALE-ALLENDALE-SOUTH CAROLINA-TRANSPORTATION
TRANSPORTATION,1176,MAINE,WALDO,SEARSPORT,4974.0,44.457,-68.9258,Land,Disposed,8/22/2023,Leased,,0,,SEARSPORT-WALDO-MAINE-TRANSPORTATION
TRANSPORTATION,1467,MASSACHUSETTS,ESSEX,ANDOVER,5501.0,42.6441,-71.1972,Land,Disposed,11/22/2022,Leased,,0,,ANDOVER-ESSEX-MASSACHUSETTS-TRANSPORTATION
TRANSPORTATION,16633,FLORIDA,MIAMI-DADE,MIAMI,33152.0,25.7933,-80.2906,Land,Disposed,3/8/2023,Owned,,0,"Evaluated, Not Historic",MIAMI-MIAMI-DADE-FLORIDA-TRANSPORTATION
TRANSPORTATION,16679,FLORIDA,BROWARD,DAVIE,33315.0,26.0657,-80.235,Land,Disposed,3/2/2023,Owned,,2,"Evaluated, Not Historic",DAVIE-BROWARD-FLORIDA-TRANSPORTATION
TRANSPORTATION,18356,NORTH CAROLINA,ORANGE,CHAPEL HILL,27599.0,35.9436,-82.7086,Land,Disposed,7/17/2023,Leased,,0,,CHAPEL HILL-ORANGE-NORTH CAROLINA-TRANSPORTATION
TRANSPORTATION,18373,KENTUCKY,PIKE,PIKEVILLE,41502.0,37.5602,-82.5653,Land,Disposed,12/14/2022,Leased,,0,,PIKEVILLE-PIKE-KENTUCKY-TRANSPORTATION
TRANSPORTATION,18374,KENTUCKY,PIKE,PIKEVILLE,41502.0,37.5603,-82.5808,Land,Disposed,12/14/2022,Leased,,0,,PIKEVILLE-PIKE-KENTUCKY-TRANSPORTATION
TRANSPORTATION,18487,MISSISSIPPI,HANCOCK,KILN,39503.0,30.3532,-89.4547,Land,Disposed,12/15/2022,Leased,,5,,KILN-HANCOCK-MISSISSIPPI-TRANSPORTATION
TRANSPORTATION,18637,SOUTH CAROLINA,HORRY,MYRTLE BEACH,29577.0,33.6826,-78.9228,Land,Disposed,7/18/2023,Leased,,1,,MYRTLE BEACH-HORRY-SOUTH CAROLINA-TRANSPORTATION
TRANSPORTATION,18747,ALASKA,NOME,UNALAKLEET,99684.0,63.8926,-160.6841,Land,Disposed,12/28/2022,Leased,,0,,UNALAKLEET-NOME-ALASKA-TRANSPORTATION
TRANSPORTATION,18971,ALASKA,NOME,UNALAKLEET,99684.0,63.8926,-160.6841,Land,Disposed,12/28/2022,Leased,,0,,UNALAKLEET-NOME-ALASKA-TRANSPORTATION
TRANSPORTATION,1902,MAINE,KNOX,WARREN,4864.0,44.0935,-69.219,Land,Disposed,8/22/2023,Leased,,1,,WARREN-KNOX-MAINE-TRANSPORTATION
TRANSPORTATION,19672,ALASKA,KODIAK ISLAND,KODIAK,99615.0,57.782,-152.3394,Land,Disposed,3/1/2023,Leased,,26,,KODIAK-KODIAK ISLAND-ALASKA-TRANSPORTATION
TRANSPORTATION,20051,ALASKA,KODIAK ISLAND,KODIAK,99615.0,57.7522,-152.5209,Land,Disposed,2/22/2023,Leased,,7,,KODIAK-KODIAK ISLAND-ALASKA-TRANSPORTATION
TRANSPORTATION,20059,ALASKA,KODIAK ISLAND,KODIAK,99615.0,57.7507,-152.4878,Land,Disposed,2/22/2023,Leased,,24,,KODIAK-KODIAK ISLAND-ALASKA-TRANSPORTATION
TRANSPORTATION,2015,MAINE,SOMERSET,NORRIDGEWOCK,4957.0,44.7132,-69.8596,Land,Disposed,5/2/2023,Leased,,0,,NORRIDGEWOCK-SOMERSET-MAINE-TRANSPORTATION
TRANSPORTATION,20358,ALASKA,KODIAK ISLAND,KODIAK,99615.0,57.782,-152.3394,Land,Disposed,3/2/2023,Leased,,0,,KODIAK-KODIAK ISLAND-ALASKA-TRANSPORTATION
TRANSPORTATION,20509,ALASKA,ALEUTIANS EAST,SAND POINT,99661.0,55.315,-160.5177,Land,Disposed,9/26/2023,Leased,,0,,SAND POINT-ALEUTIANS EAST-ALASKA-TRANSPORTATION
TRANSPORTATION,20638,ALASKA,KODIAK ISLAND,KODIAK,99615.0,57.782,-152.3394,Land,Disposed,2/22/2023,Leased,,0,,KODIAK-KODIAK ISLAND-ALASKA-TRANSPORTATION
TRANSPORTATION,20882,ALASKA,ALEUTIANS EAST,SAND POINT,99661.0,55.315,-160.5177,Land,Disposed,9/26/2023,Leased,,0,,SAND POINT-ALEUTIANS EAST-ALASKA-TRANSPORTATION
TRANSPORTATION,21180,ALASKA,ALEUTIANS EAST,SAND POINT,99661.0,55.315,-160.5177,Land,Disposed,9/26/2023,Leased,,1,,SAND POINT-ALEUTIANS EAST-ALASKA-TRANSPORTATION
TRANSPORTATION,21277,ALASKA,KENAI PENINSULA,SEWARD,99664.0,60.105,-149.4389,Land,Disposed,7/5/2023,Leased,,0,,SEWARD-KENAI PENINSULA-ALASKA-TRANSPORTATION
TRANSPORTATION,21394,ALASKA,KODIAK ISLAND,KODIAK,99615.0,57.782,-152.3394,Land,Disposed,3/2/2023,Leased,,17,,KODIAK-KODIAK ISLAND-ALASKA-TRANSPORTATION
TRANSPORTATION,21591,ALASKA,NOME,KOYUK,99753.0,64.932,-161.1479,Land,Disposed,9/15/2023,Leased,,8,,KOYUK-NOME-ALASKA-TRANSPORTATION
TRANSPORTATION,21724,ALASKA,ALEUTIANS EAST,SAND POINT,99661.0,55.315,-160.5177,Land,Disposed,9/25/2023,Leased,,1,,SAND POINT-ALEUTIANS EAST-ALASKA-TRANSPORTATION
TRANSPORTATION,22130,ALASKA,YUKON-KOYUKUK,MCGRATH,99627.0,62.951,-155.6114,Land,Disposed,8/17/2023,Owned,,0,"Evaluated, Not Historic",MCGRATH-YUKON-KOYUKUK-ALASKA-TRANSPORTATION
TRANSPORTATION,22424,ALASKA,ANCHORAGE,ANCHORAGE,99502.0,61.1782,-150.0164,Land,Disposed,12/22/2022,Leased,,2,,ANCHORAGE-ANCHORAGE-ALASKA-TRANSPORTATION
TRANSPORTATION,22504,ALASKA,KODIAK ISLAND,KODIAK,99615.0,57.782,-152.3394,Land,Disposed,3/1/2023,Leased,,26,,KODIAK-KODIAK ISLAND-ALASKA-TRANSPORTATION
TRANSPORTATION,22579,ALASKA,LAKE AND PENINSULA,CHIGNIK,99613.0,56.3115,-158.3732,Land,Disposed,10/7/2022,Leased,,0,,CHIGNIK-LAKE AND PENINSULA-ALASKA-TRANSPORTATION
TRANSPORTATION,22595,ALASKA,YUKON-KOYUKUK,HUSLIA,99746.0,65.7079,-156.3631,Land,Disposed,3/2/2023,Leased,,0,,HUSLIA-YUKON-KOYUKUK-ALASKA-TRANSPORTATION
TRANSPORTATION,23044,ALASKA,KUSILVAK CA,RUSSIAN MISSION,99657.0,61.7818,-161.3218,Land,Disposed,10/7/2022,Leased,,0,,RUSSIAN MISSION-KUSILVAK CA-ALASKA-TRANSPORTATION
TRANSPORTATION,23053,ALASKA,DILLINGHAM,KOLIGANEK,99576.0,59.7289,-157.2848,Land,Disposed,3/1/2023,Leased,,0,,KOLIGANEK-DILLINGHAM-ALASKA-TRANSPORTATION
TRANSPORTATION,23398,MISSOURI,BOONE,HALLSVILLE,65255.0,39.1135,-92.1282,Land,Disposed,10/21/2022,Leased,,10,,HALLSVILLE-BOONE-MISSOURI-TRANSPORTATION
TRANSPORTATION,23498,MISSOURI,ANDREW,SAVANNAH,64485.0,39.9606,-94.9252,Land,Disposed,5/1/2023,Leased,,25,,SAVANNAH-ANDREW-MISSOURI-TRANSPORTATION
TRANSPORTATION,23741,MISSOURI,NEWTON,NEOSHO,64850.0,36.8424,-94.4357,Land,Disposed,1/13/2023,Leased,,8,,NEOSHO-NEWTON-MISSOURI-TRANSPORTATION
TRANSPORTATION,24586,NEBRASKA,BUFFALO,KEARNEY,68849.0,40.6262,-99.0256,Land,Disposed,1/5/2023,Leased,,0,,KEARNEY-BUFFALO-NEBRASKA-TRANSPORTATION
TRANSPORTATION,31598,VIRGINIA,ROANOKE (CITY),ROANOKE,24012.0,37.3255,-79.9754,Land,Disposed,3/8/2023,Leased,,4,,ROANOKE-ROANOKE (CITY)-VIRGINIA-TRANSPORTATION
TRANSPORTATION,32284,MARYLAND,FREDERICK,FREDERICK,21793.0,39.4176,-77.3743,Land,Disposed,5/31/2023,Leased,,8,,FREDERICK-FREDERICK-MARYLAND-TRANSPORTATION
TRANSPORTATION,33189,NEW YORK,QUEENS,LA GUARDIA FIELD,11371.0,40.7715,-73.8559,Land,Disposed,8/31/2023,Leased,,7,,LA GUARDIA FIELD-QUEENS-NEW YORK-TRANSPORTATION
TRANSPORTATION,33263,NEW YORK,BROOME,BINGHAMTON,13904.0,42.1047,-75.8912,Land,Disposed,8/10/2023,Leased,,0,,BINGHAMTON-BROOME-NEW YORK-TRANSPORTATION
TRANSPORTATION,35456,PENNSYLVANIA,ERIE,ERIE,16505.0,42.1192,-80.1046,Land,Disposed,4/11/2023,Leased,,0,,ERIE-ERIE-PENNSYLVANIA-TRANSPORTATION
TRANSPORTATION,35511,PENNSYLVANIA,LYCOMING,MUNCY,17756.0,41.2567,-76.8301,Land,Disposed,7/17/2023,Leased,,2,,MUNCY-LYCOMING-PENNSYLVANIA-TRANSPORTATION
TRANSPORTATION,36110,PENNSYLVANIA,LUZERNE,HAZLETON,18201.0,40.9802,-75.8872,Land,Disposed,9/7/2023,Leased,,0,,HAZLETON-LUZERNE-PENNSYLVANIA-TRANSPORTATION
TRANSPORTATION,37811,PENNSYLVANIA,SNYDER,SELINSGROVE,17870.0,40.8172,-76.8522,Land,Disposed,3/16/2023,Leased,,0,,SELINSGROVE-SNYDER-PENNSYLVANIA-TRANSPORTATION
TRANSPORTATION,37828,PENNSYLVANIA,DELAWARE,NORWOOD,19102.0,39.8719,-75.2411,Land,Disposed,8/17/2023,Leased,,0,,NORWOOD-DELAWARE-PENNSYLVANIA-TRANSPORTATION
TRANSPORTATION,38093,NEW JERSEY,SOMERSET,BEDMINSTER,7921.0,40.6817,-74.6441,Land,Disposed,7/18/2023,Leased,,0,,BEDMINSTER-SOMERSET-NEW JERSEY-TRANSPORTATION
TRANSPORTATION,38721,ILLINOIS,COOK,RIVER FOREST,60305.0,41.9049,-87.8069,Land,Disposed,8/31/2023,Leased,,0,,RIVER FOREST-COOK-ILLINOIS-TRANSPORTATION
TRANSPORTATION,39347,MICHIGAN,CHARLEVOIX,CHARLEVOIX,49720.0,45.3048,-85.2753,Land,Disposed,1/30/2023,Leased,,0,,CHARLEVOIX-CHARLEVOIX-MICHIGAN-TRANSPORTATION
TRANSPORTATION,4067,UTAH,SALT LAKE,SALT LAKE CITY,84116.0,40.7884,-111.9778,Land,Disposed,12/20/2022,Leased,,0,,SALT LAKE CITY-SALT LAKE-UTAH-TRANSPORTATION
TRANSPORTATION,40723,NORTH DAKOTA,STARK,DICKINSON,58601.0,46.6883,-102.7125,Land,Disposed,9/29/2023,Leased,,0,,DICKINSON-STARK-NORTH DAKOTA-TRANSPORTATION
TRANSPORTATION,41343,MINNESOTA,OLMSTED,BYRON,55920.0,43.9642,-92.576,Land,Disposed,9/29/2023,Leased,,0,,BYRON-OLMSTED-MINNESOTA-TRANSPORTATION
TRANSPORTATION,4143,WASHINGTON,KING,SEATTLE,98148.0,47.4358,-122.3123,Land,Disposed,2/7/2023,Leased,,0,,SEATTLE-KING-WASHINGTON-TRANSPORTATION
TRANSPORTATION,49047,LOUISIANA,ORLEANS,NEW ORLEANS,70126.0,29.9934,-90.258,Land,Disposed,4/7/2023,Leased,,1,,NEW ORLEANS-ORLEANS-LOUISIANA-TRANSPORTATION
TRANSPORTATION,49541,NEW MEXICO,SOCORRO,SOCORRO,87801.0,34.1663,-106.0263,Land,Disposed,8/25/2023,Leased,,7,,SOCORRO-SOCORRO-NEW MEXICO-TRANSPORTATION
TRANSPORTATION,50319,OKLAHOMA,OKMULGEE,OKMULGEE,73008.0,35.7553,-95.9487,Land,Disposed,9/29/2023,Leased,,0,,OKMULGEE-OKMULGEE-OKLAHOMA-TRANSPORTATION
TRANSPORTATION,50901,TEXAS,GILLESPIE,STONEWALL,78671.0,30.2068,-98.7058,Land,Disposed,1/27/2023,Leased,,43,,STONEWALL-GILLESPIE-TEXAS-TRANSPORTATION
TRANSPORTATION,52162,TEXAS,DALLAS,DALLAS,75235.0,32.6217,-96.796,Land,Disposed,1/4/2023,Leased,,1,,DALLAS-DALLAS-TEXAS-TRANSPORTATION
TRANSPORTATION,5445,WYOMING,NATRONA,CASPER,82604.0,42.9072,-106.5701,Land,Disposed,11/21/2022,Leased,,8,,CASPER-NATRONA-WYOMING-TRANSPORTATION
TRANSPORTATION,55139,NEW MEXICO,BERNALILLO,ALBUQUERQUE,87101.0,35.0438,-106.8163,Land,Disposed,5/19/2023,Leased,,0,,ALBUQUERQUE-BERNALILLO-NEW MEXICO-TRANSPORTATION
TRANSPORTATION,5515,WASHINGTON,COWLITZ,KELSO,98626.0,46.1555,-122.9128,Land,Disposed,5/9/2023,Leased,,0,,KELSO-COWLITZ-WASHINGTON-TRANSPORTATION
TRANSPORTATION,60417,CALIFORNIA,SAN MATEO,HALF MOON BAY,94019.0,37.5288,-122.4275,Land,Disposed,2/28/2023,Leased,,0,,HALF MOON BAY-SAN MATEO-CALIFORNIA-TRANSPORTATION
TRANSPORTATION,61346,CALIFORNIA,SANTA BARBARA,SANTA BARBARA,93101.0,34.424,-119.8423,Land,Disposed,12/23/2022,Leased,,0,,SANTA BARBARA-SANTA BARBARA-CALIFORNIA-TRANSPORTATION
TRANSPORTATION,63475,HAWAII,KAUAI,LIHUâ??E,96766.0,21.9653,-159.3381,Land,Disposed,2/3/2023,Leased,,0,,LIHUâ??E-KAUAI-HAWAII-TRANSPORTATION
TRANSPORTATION,6840,COLORADO,LAS ANIMAS,TRINIDAD,81082.0,37.3061,-104.3334,Land,Disposed,9/1/2023,Leased,,1,,TRINIDAD-LAS ANIMAS-COLORADO-TRANSPORTATION
TRANSPORTATION,68450,PENNSYLVANIA,BUCKS,DOYLESTOWN,18901.0,40.3339,-75.1228,Land,Disposed,1/24/2023,Leased,,1,,DOYLESTOWN-BUCKS-PENNSYLVANIA-TRANSPORTATION
TRANSPORTATION,68639,KENTUCKY,PIKE,PIKEVILLE,41501.0,37.5575,-82.5783,Land,Disposed,12/14/2022,Leased,,0,,PIKEVILLE-PIKE-KENTUCKY-TRANSPORTATION
TRANSPORTATION,70385,MICHIGAN,WAYNE,ROMULUS,48174.0,42.2308,-83.3628,Land,Disposed,10/27/2022,Leased,,0,,ROMULUS-WAYNE-MICHIGAN-TRANSPORTATION
TRANSPORTATION,71602,MISSOURI,ST. LOUIS (CITY),ST. LOUIS,63120.0,38.6961,-90.2623,Land,Disposed,1/19/2023,Leased,,0,,ST. LOUIS-ST. LOUIS (CITY)-MISSOURI-TRANSPORTATION
TRANSPORTATION,71634,MISSISSIPPI,GREENE,LEAKESVILLE,39451.0,31.098,-88.4861,Land,Disposed,8/22/2023,Leased,,29,,LEAKESVILLE-GREENE-MISSISSIPPI-TRANSPORTATION
TRANSPORTATION,71706,MISSISSIPPI,GREENE,LEAKESVILLE,39451.0,31.098,-88.4861,Land,Disposed,9/5/2023,Leased,,29,,LEAKESVILLE-GREENE-MISSISSIPPI-TRANSPORTATION
TRANSPORTATION,71751,ALASKA,NOME,WALES,99783.0,65.6225,-168.0949,Land,Disposed,2/7/2023,Leased,,0,,WALES-NOME-ALASKA-TRANSPORTATION
TRANSPORTATION,71787,ALASKA,ALEUTIANS EAST,SAND POINT,99661.0,55.315,-160.5177,Land,Disposed,9/25/2023,Leased,,0,,SAND POINT-ALEUTIANS EAST-ALASKA-TRANSPORTATION
TRANSPORTATION,71792,ALASKA,DILLINGHAM,NEW STUYAHOK,99636.0,59.4513,-157.3169,Land,Disposed,7/21/2023,Leased,,0,,NEW STUYAHOK-DILLINGHAM-ALASKA-TRANSPORTATION
TRANSPORTATION,71805,NEW JERSEY,BURLINGTON,LUMBERTON,8048.0,39.9408,-74.8408,Land,Disposed,6/14/2023,Leased,,0,,LUMBERTON-BURLINGTON-NEW JERSEY-TRANSPORTATION
TRANSPORTATION,71856,ALASKA,NORTHWEST ARCTIC,KOTZEBUE,99752.0,66.8883,-162.603,Land,Disposed,11/28/2022,Leased,,0,,KOTZEBUE-NORTHWEST ARCTIC-ALASKA-TRANSPORTATION
TRANSPORTATION,71885,ALASKA,ANCHORAGE,ANCHORAGE,99510.0,61.169,-150.0036,Land,Disposed,11/8/2022,Leased,,15,,ANCHORAGE-ANCHORAGE-ALASKA-TRANSPORTATION
TRANSPORTATION,71912,ALASKA,ALEUTIANS EAST,KING COVE,99612.0,55.1164,-162.2662,Land,Disposed,12/27/2022,Leased,,0,,KING COVE-ALEUTIANS EAST-ALASKA-TRANSPORTATION
TRANSPORTATION,71923,ALASKA,KODIAK ISLAND,KODIAK,99615.0,57.75,-152.4939,Land,Disposed,2/13/2023,Leased,,0,,KODIAK-KODIAK ISLAND-ALASKA-TRANSPORTATION
TRANSPORTATION,71955,ALASKA,KENAI PENINSULA,SEWARD,99664.0,60.105,-149.4389,Land,Disposed,7/5/2023,Leased,,0,,SEWARD-KENAI PENINSULA-ALASKA-TRANSPORTATION
TRANSPORTATION,73776,ARKANSAS,POLK,MENA,71953.0,34.5392,-94.0726,Land,Disposed,1/4/2023,Leased,,1,,MENA-POLK-ARKANSAS-TRANSPORTATION
TRANSPORTATION,8049,KENTUCKY,MONTGOMERY,MOUNT STERLING,40353.0,38.06,-83.9815,Land,Disposed,5/17/2023,Leased,,1,,MOUNT STERLING-MONTGOMERY-KENTUCKY-TRANSPORTATION
TRANSPORTATION,80617,KENTUCKY,WARREN,BOWLING GREEN,42101.0,36.9287,-86.4434,Land,Disposed,9/5/2023,Leased,,0,,BOWLING GREEN-WARREN-KENTUCKY-TRANSPORTATION
TRANSPORTATION,80695,KENTUCKY,WARREN,BOWLING GREEN,42104.0,36.9287,-86.4434,Land,Disposed,10/26/2022,Leased,,0,,BOWLING GREEN-WARREN-KENTUCKY-TRANSPORTATION
TRANSPORTATION,80696,KENTUCKY,WARREN,BOWLING GREEN,42101.0,36.9287,-86.4434,Land,Disposed,10/26/2022,Leased,,1,,BOWLING GREEN-WARREN-KENTUCKY-TRANSPORTATION
TRANSPORTATION,81780,KENTUCKY,WARREN,BOWLING GREEN,42104.0,36.9287,-86.4434,Land,Disposed,10/26/2022,Leased,,2,,BOWLING GREEN-WARREN-KENTUCKY-TRANSPORTATION
TRANSPORTATION,84338,OHIO,BELMONT,BELLAIRE,43906.0,40.017,-80.8173,Land,Disposed,12/20/2022,Leased,,13,,BELLAIRE-BELMONT-OHIO-TRANSPORTATION
TRANSPORTATION,85306,MISSISSIPPI,LAWRENCE,JAYESS,39641.0,31.3045,-90.2582,Land,Disposed,8/24/2023,Leased,,13,,JAYESS-LAWRENCE-MISSISSIPPI-TRANSPORTATION
TRANSPORTATION,85560,NEW YORK,QUEENS,LA GUARDIA FIELD,11371.0,40.7772,-73.8731,Land,Disposed,9/25/2023,Leased,,0,,LA GUARDIA FIELD-QUEENS-NEW YORK-TRANSPORTATION
TRANSPORTATION,85676,NEW YORK,QUEENS,LA GUARDIA FIELD,11371.0,40.7772,-73.8726,Land,Disposed,9/5/2023,Leased,,0,,LA GUARDIA FIELD-QUEENS-NEW YORK-TRANSPORTATION
TRANSPORTATION,86843,HAWAII,MAUI,MAKAWAO,96768.0,20.7008,-156.2614,Land,Disposed,9/13/2023,Leased,,1,,MAKAWAO-MAUI-HAWAII-TRANSPORTATION
TRANSPORTATION,86991,ALASKA,LAKE AND PENINSULA,PILOT POINT,99649.0,57.5591,-157.5789,Land,Disposed,3/29/2023,Leased,,0,,PILOT POINT-LAKE AND PENINSULA-ALASKA-TRANSPORTATION
TRANSPORTATION,8778,MISSISSIPPI,GREENE,LEAKESVILLE,39451.0,31.098,-88.4861,Land,Disposed,8/23/2023,Leased,,9,,LEAKESVILLE-GREENE-MISSISSIPPI-TRANSPORTATION
TRANSPORTATION,8779,MISSISSIPPI,GREENE,LEAKESVILLE,39451.0,31.098,-88.4861,Land,Disposed,8/16/2023,Leased,,4,,LEAKESVILLE-GREENE-MISSISSIPPI-TRANSPORTATION
TRANSPORTATION,88683,MISSISSIPPI,LAWRENCE,JAYESS,39641.0,31.3044,-90.2582,Land,Disposed,8/25/2023,Leased,,5,,JAYESS-LAWRENCE-MISSISSIPPI-TRANSPORTATION
TRANSPORTATION,89356,WASHINGTON,YAKIMA,YAKIMA,98903.0,46.5256,-120.3722,Land,Disposed,5/9/2023,Leased,,0,,YAKIMA-YAKIMA-WASHINGTON-TRANSPORTATION
TRANSPORTATION,90696,NORTH CAROLINA,GUILFORD,GREENSBORO,27409.0,36.0875,-79.9344,Land,Disposed,9/26/2023,Leased,,2,,GREENSBORO-GUILFORD-NORTH CAROLINA-TRANSPORTATION
TRANSPORTATION,9344,NORTH CAROLINA,WAKE,MORRISVILLE,27609.0,35.382,-78.55,Land,Disposed,8/2/2023,Leased,,1,,MORRISVILLE-WAKE-NORTH CAROLINA-TRANSPORTATION
VETERANS AFFAIRS,LG2185S4MLAND,MISSISSIPPI,HINDS,JACKSON,392164500.0,32.328803,-90.175416,Land,Disposed,3/28/2023,Leased,,4,,JACKSON-HINDS-MISSISSIPPI-VETERANS AFFAIRS
VETERANS AFFAIRS,LG4286S2MLAND,,,SAN JUAN,9275800.0,18.454059,-66.063266,Land,Disposed,1/31/2023,Leased,,10,,SAN JUAN-None-None-VETERANS AFFAIRS
VETERANS AFFAIRS,LG4542S3MLAND,MARYLAND,BALTIMORE (CITY),BALTIMORE,212012518.0,39.287915,-76.619165,Land,Disposed,5/31/2023,Leased,,2,,BALTIMORE-BALTIMORE (CITY)-MARYLAND-VETERANS AFFAIRS
VETERANS AFFAIRS,LG4872S5MLAND,ARIZONA,MARICOPA,PHOENIX,850122204.0,33.488446,-112.073521,Land,Disposed,10/1/2022,Leased,,1,,PHOENIX-MARICOPA-ARIZONA-VETERANS AFFAIRS
VETERANS AFFAIRS,LG4876S5MLAND,CALIFORNIA,FRESNO,FRESNO,937032320.0,36.772138,-119.775113,Land,Disposed,3/2/2023,Leased,,2,,FRESNO-FRESNO-CALIFORNIA-VETERANS AFFAIRS
BLM/USFS,49001,Utah,Beaver County,Parcel 1,,38.2767,-112.6415,Land,At Risk,2025-04-01,,Unknown,10.81,None,Parcel 1-Beaver County-Utah-BLM/USFS
BLM/USFS,49001,Utah,Beaver County,Parcel 2,,38.2767,-112.6415,Land,At Risk,2025-04-01,,Unknown,40.83,None,Parcel 2-Beaver County-Utah-BLM/USFS
BLM/USFS,49001,Utah,Beaver County,Parcel 3,,38.2767,-112.6415,Land,At Risk,2025-04-01,,Unknown,203.37,None,Parcel 3-Beaver County-Utah-BLM/USFS
BLM/USFS,49053,Utah,City of St. George,Airport,,37.0965,-113.5684,Land,At Risk,2025-04-01,,Unknown,16.48,None,Airport-City of St. George-Utah-BLM/USFS
BLM/USFS,49053,Utah,City of St. George,Brigham Road,,37.0965,-113.5684,Land,At Risk,2025-04-01,,Unknown,9.57,None,Brigham Road-City of St. George-Utah-BLM/USFS
BLM/USFS,49053,Utah,City of St. George,Curly Hollow,,37.0965,-113.5684,Land,At Risk,2025-04-01,,Unknown,11.52,None,Curly Hollow-City of St. George-Utah-BLM/USFS
BLM/USFS,49053,Utah,City of St. George,Devario Site,,37.0965,-113.5684,Land,At Risk,2025-04-01,,Unknown,105.55,None,Devario Site-City of St. George-Utah-BLM/USFS
BLM/USFS,49053,Utah,City of St. George,Graveyard Dam,,37.0965,-113.5684,Land,At Risk,2025-04-01,,Unknown,4.88,None,Graveyard Dam-City of St. George-Utah-BLM/USFS
BLM/USFS,49053,Utah,City of St. George,Gunlock#1,,37.0965,-113.5684,Land,At Risk,2025-04-01,,Unknown,0.92,None,Gunlock#1-City of St. George-Utah-BLM/USFS
BLM/USFS,49053,Utah,City of St. George,Gunlock#2,,37.0965,-113.5684,Land,At Risk,2025-04-01,,Unknown,0.92,None,Gunlock#2-City of St. George-Utah-BLM/USFS
BLM/USFS,49053,Utah,City of St. George,Gunlock#3,,37.0965,-113.5684,Land,At Risk,2025-04-01,,Unknown,0.92,None,Gunlock#3-City of St. George-Utah-BLM/USFS
BLM/USFS,49053,Utah,City of St. George,Gunlock#4,,37.0965,-113.5684,Land,At Risk,2025-04-01,,Unknown,0.92,None,Gunlock#4-City of St. George-Utah-BLM/USFS
BLM/USFS,49053,Utah,City of St. George,Gunlock#5,,37.0965,-113.5684,Land,At Risk,2025-04-01,,Unknown,0.92,None,Gunlock#5-City of St. George-Utah-BLM/USFS
BLM/USFS,49053,Utah,City of St. George,Gunlock#6,,37.0965,-113.5684,Land,At Risk,2025-04-01,,Unknown,0.92,None,Gunlock#6-City of St. George-Utah-BLM/USFS
BLM/USFS,49053,Utah,City of St. George,Gunlock#7,,37.0965,-113.5684,Land,At Risk,2025-04-01,,Unknown,1.1,None,Gunlock#7-City of St. George-Utah-BLM/USFS
BLM/USFS,49053,Utah,City of St. George,Gunlock#8,,37.0965,-113.5684,Land,At Risk,2025-04-01,,Unknown,0.92,None,Gunlock#8-City of St. George-Utah-BLM/USFS
BLM/USFS,49053,Utah,City of St. George,Gunlock#9,,37.0965,-113.5684,Land,At Risk,2025-04-01,,Unknown,0.92,None,Gunlock#9-City of St. George-Utah-BLM/USFS
BLM/USFS,49053,Utah,City of St. George,Gunlock#10,,37.0965,-113.5684,Land,At Risk,2025-04-01,,Unknown,4.34,None,Gunlock#10-City of St. George-Utah-BLM/USFS
BLM/USFS,49053,Utah,City of St. George,Sun River,,37.0965,-113.5684,Land,At Risk,2025-04-01,,Unknown,31.22,None,Sun River-City of St. George-Utah-BLM/USFS
BLM/USFS,49053,Utah,City of St. George,Treatment Plant,,37.0965,-113.5684,Land,At Risk,2025-04-01,,Unknown,3.75,None,Treatment Plant-City of St. George-Utah-BLM/USFS
BLM/USFS,49053,Utah,City of St. George,Virgin River Site,,37.0965,-113.5684,Land,At Risk,2025-04-01,,Unknown,82.27,None,Virgin River Site-City of St. George-Utah-BLM/USFS
BLM/USFS,49053,Utah,City of St. George,Western Corridor,,37.0965,-113.5684,Land,At Risk,2025-04-01,,Unknown,330.58,None,Western Corridor-City of St. George-Utah-BLM/USFS
BLM/USFS,49001,Utah,Beaver County,Parcel 1,,38.2767,-112.6415,Land,At Risk,2025-04-01,,Unknown,287.02,None,Parcel 1-Beaver County-Utah-BLM/USFS
BLM/USFS,49001,Utah,Beaver County,Parcel 2,,38.2767,-112.6415,Land,At Risk,2025-04-01,,Unknown,279.72,None,Parcel 2-Beaver County-Utah-BLM/USFS
BLM/USFS,49001,Utah,Beaver County,Parcel 3,,38.2767,-112.6415,Land,At Risk,2025-04-01,,Unknown,10.67,None,Parcel 3-Beaver County-Utah-BLM/USFS
BLM/USFS,49053,Utah,Washington County,Parcel 4,,37.3092,-113.6047,Land,At Risk,2025-04-01,,Unknown,213.56,None,Parcel 4-Washington County-Utah-BLM/USFS
BLM/USFS,49053,Utah,Washington County,Parcel 6,,37.3092,-113.6047,Land,At Risk,2025-04-01,,Unknown,180.51,None,Parcel 6-Washington County-Utah-BLM/USFS
BLM/USFS,49001,Utah,Beaver County,Parcel 11,,38.2767,-112.6415,Land,At Risk,2025-04-01,,Unknown,186.14,None,Parcel 11-Beaver County-Utah-BLM/USFS
BLM/USFS,49001,Utah,Beaver County,Parcel 12,,38.2767,-112.6415,Land,At Risk,2025-04-01,,Unknown,153.74,None,Parcel 12-Beaver County-Utah-BLM/USFS
BLM/USFS,49001,Utah,Beaver County,Parcel 13,,38.2767,-112.6415,Land,At Risk,2025-04-01,,Unknown,711.56,None,Parcel 13-Beaver County-Utah-BLM/USFS
BLM/USFS,49001,Utah,Beaver County,Parcel 15,,38.2767,-112.6415,Land,At Risk,2025-04-01,,Unknown,52.28,None,Parcel 15-Beaver County-Utah-BLM/USFS
BLM/USFS,49001,Utah,Beaver County,Parcel 16,,38.2767,-112.6415,Land,At Risk,2025-04-01,,Unknown,197.52,None,Parcel 16-Beaver County-Utah-BLM/USFS
BLM/USFS,49001,Utah,Beaver County,Parcel 17,,38.2767,-112.6415,Land,At Risk,2025-04-01,,Unknown,311.5,None,Parcel 17-Beaver County-Utah-BLM/USFS
BLM/USFS,49001,Utah,Beaver County,Parcel 19,,38.2767,-112.6415,Land,At Risk,2025-04-01,,Unknown,628.76,None,Parcel 19-Beaver County-Utah-BLM/USFS
BLM/USFS,49001,Utah,Beaver County,Parcel 20,,38.2767,-112.6415,Land,At Risk,2025-04-01,,Unknown,364.31,None,Parcel 20-Beaver County-Utah-BLM/USFS
BLM/USFS,49001,Utah,Beaver County,Parcel 21,,38.2767,-112.6415,Land,At Risk,2025-04-01,,Unknown,921.52,None,Parcel 21-Beaver County-Utah-BLM/USFS
BLM/USFS,49001,Utah,Beaver County,Parcel 22,,38.2767,-112.6415,Land,At Risk,2025-04-01,,Unknown,129.77,None,Parcel 22-Beaver County-Utah-BLM/USFS
BLM/USFS,49001,Utah,Beaver County,Parcel 23,,38.2767,-112.6415,Land,At Risk,2025-04-01,,Unknown,338.6,None,Parcel 23-Beaver County-Utah-BLM/USFS
BLM/USFS,49053,Utah,Washington County,Parcel 5,,37.3092,-113.6047,Land,At Risk,2025-04-01,,Unknown,487.13,None,Parcel 5-Washington County-Utah-BLM/USFS
BLM/USFS,49053,Utah,Washington County,Parcel 7,,37.3092,-113.6047,Land,At Risk,2025-04-01,,Unknown,121.08,None,Parcel 7-Washington County-Utah-BLM/USFS
BLM/USFS,49053,Utah,Washington County,Parcel 8,,37.3092,-113.6047,Land,At Risk,2025-04-01,,Unknown,64.58,None,Parcel 8-Washington County-Utah-BLM/USFS
BLM/USFS,49053,Utah,Washington County,Parcel 9,,37.3092,-113.6047,Land,At Risk,2025-04-01,,Unknown,62.49,None,Parcel 9-Washington County-Utah-BLM/USFS
BLM/USFS,49001,Utah,Beaver County,Parcel 10,,38.2767,-112.6415,Land,At Risk,2025-04-01,,Unknown,404.63,None,Parcel 10-Beaver County-Utah-BLM/USFS
BLM/USFS,49001,Utah,Beaver County,Parcel 14,,38.2767,-112.6415,Land,At Risk,2025-04-01,,Unknown,55.01,None,Parcel 14-Beaver County-Utah-BLM/USFS
BLM/USFS,49001,Utah,Beaver County,Parcel 18,,38.2767,-112.6415,Land,At Risk,2025-04-01,,Unknown,5.256227,None,Parcel 18-Beaver County-Utah-BLM/USFS
BLM/USFS,49053,Utah,Washington County Water Conservancy District,Parcel 06,,37.1785,-113.3818,Land,At Risk,2025-04-01,,Unknown,4.358646,None,Parcel 06-Washington County Water Conservancy District-Utah-BLM/USFS
BLM/USFS,32019,Nevada,Lyon County,Fernley,,39.0438,-119.189,Land,At Risk,2025-04-01,,Unknown,130.0,None,Fernley-Lyon County-Nevada-BLM/USFS
BLM/USFS,32003,Nevada,Clark County,Modified Disposal Area 1,,36.0796,-115.094,Land,At Risk,2025-04-01,,Unknown,85.6,None,Modified Disposal Area 1-Clark County-Nevada-BLM/USFS
BLM/USFS,32003,Nevada,Clark County,Map 2 Parcel A,,36.0796,-115.094,Land,At Risk,2025-04-01,,Unknown,92.75,None,Map 2 Parcel A-Clark County-Nevada-BLM/USFS
BLM/USFS,32003,Nevada,Clark County,Map 3 Parcel B,,36.0796,-115.094,Land,At Risk,2025-04-01,,Unknown,108.9,None,Map 3 Parcel B-Clark County-Nevada-BLM/USFS
BLM/USFS,32003,Nevada,Clark County,Modified Disposal Area 2,,36.0796,-115.094,Land,At Risk,2025-04-01,,Unknown,84.2,None,Modified Disposal Area 2-Clark County-Nevada-BLM/USFS
BLM/USFS,32003,Nevada,Clark County,Map 4 Parcel C,,36.0796,-115.094,Land,At Risk,2025-04-01,,Unknown,97.3,None,Map 4 Parcel C-Clark County-Nevada-BLM/USFS
BLM/USFS,32003,Nevada,Clark County,Map 5 Parcel D,,36.0796,-115.094,Land,At Risk,2025-04-01,,Unknown,111.45,None,Map 5 Parcel D-Clark County-Nevada-BLM/USFS
BLM/USFS,32031,Nevada,Washoe County,Affordable Housing Site 1,,39.6051,-119.7277,Land,At Risk,2025-04-01,,Unknown,60.4,None,Affordable Housing Site 1-Washoe County-Nevada-BLM/USFS
BLM/USFS,32031,Nevada,Washoe County,Affordable Housing Site 2,,39.6051,-119.7277,Land,At Risk,2025-04-01,,Unknown,44.85,None,Affordable Housing Site 2-Washoe County-Nevada-BLM/USFS
BLM/USFS,32031,Nevada,Washoe County,Affordable Housing Site 3,,39.6051,-119.7277,Land,At Risk,2025-04-01,,Unknown,58.9,None,Affordable Housing Site 3-Washoe County-Nevada-BLM/USFS
BLM/USFS,32031,Nevada,Washoe County,BLM Exchange Parcel 5,,39.6051,-119.7277,Land,At Risk,2025-04-01,,Unknown,77.2,None,BLM Exchange Parcel 5-Washoe County-Nevada-BLM/USFS
BLM/USFS,32031,Nevada,Washoe County,BLM Exchange Parcel 6,,39.6051,-119.7277,Land,At Risk,2025-04-01,,Unknown,81.1,None,BLM Exchange Parcel 6-Washoe County-Nevada-BLM/USFS
BLM/USFS,32031,Nevada,Washoe County,USFS Exchange Parcel C,,39.6051,-119.7277,Land,At Risk,2025-04-01,,Unknown,89.3,None,USFS Exchange Parcel C-Washoe County-Nevada-BLM/USFS
BLM/USFS,32031,Nevada,Washoe County,USFS Exchange Parcel D,,39.6051,-119.7277,Land,At Risk,2025-04-01,,Unknown,93.25,None,USFS Exchange Parcel D-Washoe County-Nevada-BLM/USFS
BLM/USFS,32027,Nevada,Pershing County,Parcel 11,,40.4401,-118.5198,Land,At Risk,2025-04-01,,Unknown,83.65,None,Parcel 11-Pershing County-Nevada-BLM/USFS
BLM/USFS,32027,Nevada,Pershing County,Parcel 17,,40.4401,-118.5198,Land,At Risk,2025-04-01,,Unknown,88.4,None,Parcel 17-Pershing County-Nevada-BLM/USFS
BLM/USFS,32027,Nevada,Pershing County,Parcel 22,,40.4401,-118.5198,Land,At Risk,2025-04-01,,Unknown,91.0,None,Parcel 22-Pershing County-Nevada-BLM/USFS
BLM/USFS,32027,Nevada,Pershing County,Parcel 27,,40.4401,-118.5198,Land,At Risk,2025-04-01,,Unknown,86.75,None,Parcel 27-Pershing County-Nevada-BLM/USFS
BLM/USFS,32027,Nevada,Pershing County,Parcel 31,,40.4401,-118.5198,Land,At Risk,2025-04-01,,Unknown,82.1,None,Parcel 31-Pershing County-Nevada-BLM/USFS
BLM/USFS,32027,Nevada,Pershing County,Parcel 35,,40.4401,-118.5198,Land,At Risk,2025-04-01,,Unknown,79.5,None,Parcel 35-Pershing County-Nevada-BLM/USFS
BLM/USFS,32027,Nevada,Pershing County,Parcel 39,,40.4401,-118.5198,Land,At Risk,2025-04-01,,Unknown,77.9,None,Parcel 39-Pershing County-Nevada-BLM/USFS
BLM/USFS,32027,Nevada,Pershing County,Parcel 44,,40.4401,-118.5198,Land,At Risk,2025-04-01,,Unknown,90.6,None,Parcel 44-Pershing County-Nevada-BLM/USFS
None,Nevada,Clark County,Las Vegas,None,36.33,-115.2,Land,At Risk – GIS Inferred,TBD,None,Unprotected, developable federal land,1500,None,BLM
None,Nevada,Clark County,Las Vegas,None,36.2,-115.45,Land,At Risk – GIS Inferred,TBD,None,Unprotected, developable federal land,1000,None,BLM
None,Nevada,Clark County,Las Vegas,None,36.22,-114.9,Land,At Risk – GIS Inferred,TBD,None,Unprotected, developable federal land,800,None,BLM
None,Nevada,Clark County,Las Vegas,None,36.03,-115.18,Land,At Risk – GIS Inferred,TBD,None,Unprotected, developable federal land,1200,None,BLM
None,Nevada,Clark County,Las Vegas,None,36.14,-115.1,Land,At Risk – GIS Inferred,TBD,None,Unprotected, developable federal land,600,None,BLM
None,Idaho,Ada County,Boise,None,43.73,-116.1,Land,At Risk – GIS Inferred,TBD,None,Unprotected, developable federal land,700,None,BLM
None,Idaho,Ada County,Boise,None,43.65,-116.01,Land,At Risk – GIS Inferred,TBD,None,Unprotected, developable federal land,950,None,BLM
None,Idaho,Ada County,Boise,None,43.61,-115.95,Land,At Risk – GIS Inferred,TBD,None,Unprotected, developable federal land,500,None,BLM
None,Idaho,Ada County,Boise,None,43.68,-116.2,Land,At Risk – GIS Inferred,TBD,None,Unprotected, developable federal land,400,None,BLM
None,Arizona,Maricopa County,Phoenix,None,33.43,-111.87,Land,At Risk – GIS Inferred,TBD,None,Unprotected, developable federal land,700,None,BLM
None,Arizona,Maricopa County,Phoenix,None,33.29,-111.8,Land,At Risk – GIS Inferred,TBD,None,Unprotected, developable federal land,1100,None,BLM
None,Arizona,Maricopa County,Phoenix,None,33.6,-112.0,Land,At Risk – GIS Inferred,TBD,None,Unprotected, developable federal land,600,None,BLM
None,Arizona,Pima County,Tucson,None,32.05,-111.02,Land,At Risk – GIS Inferred,TBD,None,Unprotected, developable federal land,500,None,BLM
None,Arizona,Pima County,Tucson,None,32.12,-110.83,Land,At Risk – GIS Inferred,TBD,None,Unprotected, developable federal land,750,None,BLM
None,Arizona,Pima County,Tucson,None,32.08,-110.92,Land,At Risk – GIS Inferred,TBD,None,Unprotected, developable federal land,600,None,BLM
None,Utah,Salt Lake County,Salt Lake City,None,40.69,-111.77,Land,At Risk – GIS Inferred,TBD,None,Unprotected, developable federal land,650,None,BLM
None,Utah,Salt Lake County,Salt Lake City,None,40.59,-111.89,Land,At Risk – GIS Inferred,TBD,None,Unprotected, developable federal land,900,None,BLM
None,Utah,Salt Lake County,Salt Lake City,None,40.62,-111.72,Land,At Risk – GIS Inferred,TBD,None,Unprotected, developable federal land,400,None,BLM
None,California,San Joaquin County,Stockton,None,37.89,-121.15,Land,At Risk – GIS Inferred,TBD,None,Unprotected, developable federal land,400,None,BLM
None,Nevada,Washoe County,Reno,None,39.6,-119.77,Land,At Risk – GIS Inferred,TBD,None,Unprotected, developable federal land,950,None,BLM
